step,epoch,loss,train_ppl,learning_rate,eval_loss,eval_ppl
200,0.06550933508024893,2.6788,14.567601680993656,4.995344157971083e-05,,
400,0.13101867016049787,2.5677,13.035807577345967,4.990664919751065e-05,,
600,0.19652800524074682,2.5254,12.49589262111712,4.9859856815310465e-05,,
800,0.26203734032099574,2.5116,12.324633707321233,4.981306443311029e-05,,
1000,0.32754667540124466,2.4958,12.131434785393635,4.976627205091011e-05,,
1200,0.39305601048149363,2.4463,11.545549060855226,4.971947966870993e-05,,
1400,0.45856534556174255,2.4551,11.647598250468462,4.9672687286509756e-05,,
1600,0.5240746806419915,2.4428,11.505210273199802,4.9625894904309585e-05,,
1800,0.5895840157222404,2.4445,11.524785765117942,4.957910252210941e-05,,
2000,0.6550933508024893,2.4178,11.22114561942197,4.953231013990923e-05,,
2200,0.7206026858827382,2.3885,10.897135973671558,4.9485517757709046e-05,,
2400,0.7861120209629873,2.4146,11.185295344471967,4.943872537550887e-05,,
2600,0.8516213560432362,2.4121,11.157367031048564,4.939193299330869e-05,,
2800,0.9171306911234851,2.3608,10.599427603604132,4.9345140611108514e-05,,
3000,0.982640026203734,2.3759,10.760693453410708,4.9298348228908336e-05,,
3053,1.0,,,,2.231487512588501,9.313710041329246
3200,1.048149361283983,2.3362,10.341862721471701,4.925155584670816e-05,,
3400,1.1136586963642319,2.3144,10.118849787113744,4.920476346450798e-05,,
3600,1.1791680314444808,2.3286,10.263562482581086,4.9157971082307804e-05,,
3800,1.2446773665247297,2.3268,10.245104687111969,4.911117870010763e-05,,
4000,1.3101867016049786,2.2939,9.913525134754655,4.906438631790744e-05,,
4200,1.3756960366852278,2.302,9.994150781394822,4.9017593935707265e-05,,
4400,1.4412053717654767,2.3,9.974182454814718,4.897080155350709e-05,,
4600,1.5067147068457256,2.293,9.904606975906837,4.892400917130691e-05,,
4800,1.5722240419259745,2.2529,9.515290204807197,4.887721678910673e-05,,
5000,1.6377333770062235,2.2743,9.721111852035238,4.8830424406906556e-05,,
5200,1.7032427120864724,2.2763,9.740573530930975,4.8783632024706385e-05,,
5400,1.7687520471667213,2.2562,9.54674253027711,4.873683964250621e-05,,
5600,1.8342613822469702,2.2549,9.534339828490623,4.869004726030602e-05,,
5800,1.8997707173272191,2.2725,9.703629589458101,4.8643254878105846e-05,,
6000,1.965280052407468,2.2181,9.189853545948774,4.859646249590567e-05,,
6106,2.0,,,,2.134181261062622,8.450125227338322
6200,2.030789387487717,2.2507,9.494379576481736,4.854967011370549e-05,,
6400,2.096298722567966,2.2348,9.344612742743369,4.8502877731505314e-05,,
6600,2.161808057648215,2.2074,9.092046314854183,4.8456085349305136e-05,,
6800,2.2273173927284637,2.2016,9.039465079214036,4.840929296710496e-05,,
7000,2.2928267278087127,2.1843,8.884427277084747,4.836250058490478e-05,,
7200,2.3583360628889616,2.2078,9.095683860840825,4.8315708202704604e-05,,
7400,2.4238453979692105,2.2078,9.095683860840825,4.8268915820504427e-05,,
7600,2.4893547330494594,2.1808,8.853386135300898,4.822212343830424e-05,,
7800,2.5548640681297083,2.1926,8.958474896008534,4.8175331056104065e-05,,
8000,2.6203734032099573,2.1951,8.980899101826555,4.812853867390389e-05,,
8200,2.685882738290206,2.2088,9.104784094059923,4.808174629170371e-05,,
8400,2.7513920733704555,2.1868,8.906666132263695,4.803495390950353e-05,,
8600,2.816901408450704,2.1822,8.865789556259097,4.7988161527303355e-05,,
8800,2.8824107435309534,2.1817,8.861357769519984,4.7941369145103185e-05,,
9000,2.947920078611202,2.1755,8.806587315205244,4.789457676290301e-05,,
9159,3.0,,,,2.0655112266540527,7.88933010271286
9200,3.0134294136914512,2.1735,8.788991742013216,4.784778438070282e-05,,
9400,3.0789387487717,2.1427,8.52241711883551,4.7800991998502646e-05,,
9600,3.144448083851949,2.16,8.671137658463456,4.775419961630247e-05,,
9800,3.209957418932198,2.1407,8.505389318074531,4.770740723410229e-05,,
10000,3.275466754012447,2.1011,8.1751576418163,4.7660614851902113e-05,,
10200,3.340976089092696,2.1281,8.39889374371796,4.7613822469701936e-05,,
10400,3.4064854241729448,2.1259,8.380436487907598,4.756703008750176e-05,,
10600,3.4719947592531937,2.1632,8.698929742589229,4.752023770530158e-05,,
10800,3.5375040943334426,2.1597,8.668536707328093,4.7473445323101404e-05,,
11000,3.6030134294136915,2.1618,8.686759761923835,4.742665294090122e-05,,
11200,3.6685227644939404,2.136,8.46550778330153,4.737986055870104e-05,,
11400,3.7340320995741894,2.1273,8.392177315652422,4.7333068176500865e-05,,
11600,3.7995414346544383,2.1099,8.247416501738032,4.728627579430069e-05,,
11800,3.865050769734687,2.1174,8.309504665075588,4.723948341210051e-05,,
12000,3.930560104814936,2.1104,8.251541241087804,4.719269102990033e-05,,
12200,3.996069439895185,2.1272,8.391338139880347,4.7145898647700155e-05,,
12212,4.0,,,,2.038662910461426,7.680333037378918
12400,4.061578774975434,2.0551,7.807618595458653,4.7099106265499984e-05,,
12600,4.127088110055683,2.0977,8.14740930473805,4.70523138832998e-05,,
12800,4.192597445135932,2.0898,8.083298342959722,4.700552150109962e-05,,
13000,4.258106780216181,2.0733,7.951018232305182,4.6958729118899445e-05,,
13200,4.32361611529643,2.0961,8.134383872974636,4.691193673669927e-05,,
13400,4.389125450376679,2.063,7.869543061946912,4.686514435449909e-05,,
13600,4.4546347854569275,2.0718,7.939100645381464,4.681835197229891e-05,,
13800,4.520144120537177,2.0494,7.763241763585584,4.6771559590098736e-05,,
14000,4.585653455617425,2.068,7.908989310698875,4.672476720789856e-05,,
14200,4.651162790697675,2.1046,8.203820824872677,4.667797482569838e-05,,
14400,4.716672125777923,2.0672,7.902664649452131,4.6631182443498204e-05,,
14600,4.7821814608581725,2.0659,7.892397860266719,4.658439006129802e-05,,
14800,4.847690795938421,2.0728,7.947043716900682,4.653759767909784e-05,,
15000,4.91320013101867,2.0988,8.156376385963757,4.6490805296897665e-05,,
15200,4.978709466098919,2.0683,7.911362363432195,4.644401291469749e-05,,
15265,5.0,,,,2.0042409896850586,7.42045955342331
15400,5.044218801179168,2.0343,7.646897423355199,4.639722053249731e-05,,
15600,5.109728136259417,2.0225,7.557194322904825,4.635042815029713e-05,,
15800,5.175237471339666,2.0372,7.669105612192506,4.6303635768096955e-05,,
16000,5.2407468064199145,2.0349,7.6514869385260775,4.6256843385896784e-05,,
16200,5.306256141500164,2.0495,7.764018126579447,4.62100510036966e-05,,
16400,5.371765476580412,2.0211,7.5466216534482475,4.616325862149642e-05,,
16600,5.437274811660662,2.0305,7.617894353878806,4.6116466239296245e-05,,
16800,5.50278414674091,2.0308,7.6201800650245,4.606967385709607e-05,,
17000,5.56829348182116,2.038,7.675243351450616,4.602288147489589e-05,,
17200,5.633802816901408,2.062,7.861677452345231,4.597608909269571e-05,,
17400,5.699312151981657,2.0272,7.592796736356004,4.5929296710495536e-05,,
17600,5.764821487061907,2.0223,7.555683035174054,4.588250432829536e-05,,
17800,5.830330822142155,2.0403,7.692916727750684,4.583571194609518e-05,,
18000,5.895840157222404,2.0143,7.495478709285611,4.5788919563894997e-05,,
18200,5.961349492302653,2.0406,7.695224948984884,4.574212718169482e-05,,
18318,6.0,,,,1.9805675745010376,7.24685494820926
18400,6.0268588273829025,2.0422,7.707547164046569,4.569533479949464e-05,,
18600,6.092368162463151,1.9951,7.352938284955826,4.5648542417294464e-05,,
18800,6.1578774975434,2.003,7.411256551255594,4.560175003509429e-05,,
19000,6.223386832623649,1.9978,7.37281804392286,4.555495765289411e-05,,
19200,6.288896167703898,2.0108,7.469290390095599,4.550816527069393e-05,,
19400,6.354405502784147,1.9932,7.338980965866372,4.5461372888493755e-05,,
19600,6.419914837864396,1.996,7.359558908245874,4.541458050629358e-05,,
19800,6.4854241729446445,1.9986,7.378718658289045,4.53677881240934e-05,,
20000,6.550933508024894,1.9769,7.220325247353484,4.532099574189322e-05,,
20200,6.616442843105142,2.0142,7.494729198890829,4.5274203359693045e-05,,
20400,6.681952178185392,1.9939,7.344120051012433,4.522741097749287e-05,,
20600,6.74746151326564,2.0184,7.5262732576798745,4.518061859529269e-05,,
20800,6.8129708483458895,1.9918,7.328713581360319,4.513382621309251e-05,,
21000,6.878480183426138,1.9944,7.347793029205967,4.5087033830892335e-05,,
21200,6.943989518506387,1.9956,7.356615673368795,4.504024144869216e-05,,
21371,7.0,,,,1.981345534324646,7.252494903751442
21400,7.009498853586636,2.0031,7.411997713968235,4.499344906649198e-05,,
21600,7.075008188666885,1.9617,7.111406185510645,4.4946656684291796e-05,,
21800,7.140517523747134,1.9653,7.137053385038665,4.489986430209162e-05,,
22000,7.206026858827383,1.9596,7.096487902201017,4.485307191989144e-05,,
22200,7.2715361939076315,1.9544,7.05968194353815,4.4806279537691264e-05,,
22400,7.337045528987881,1.9483,7.016748962402967,4.475948715549109e-05,,
22600,7.402554864068129,1.969,7.163509396001698,4.471269477329091e-05,,
22800,7.468064199148379,1.963,7.120657025294843,4.466590239109073e-05,,
23000,7.533573534228628,1.9526,7.046985945865606,4.4619110008890554e-05,,
23200,7.5990828693088766,1.9696,7.167808791328914,4.457231762669038e-05,,
23400,7.664592204389125,1.9523,7.044872167164505,4.45255252444902e-05,,
23600,7.730101539469374,1.9599,7.098617167945569,4.447873286229002e-05,,
23800,7.795610874549624,1.9743,7.201576785272701,4.4431940480089845e-05,,
24000,7.861120209629872,1.9677,7.154202884330148,4.438514809788967e-05,,
24200,7.926629544710121,1.9842,7.273226476219191,4.433835571568949e-05,,
24400,7.99213887979037,1.972,7.185032192241968,4.429156333348931e-05,,
24424,8.0,,,,1.9425601959228516,6.976589561901009
24600,8.05764821487062,1.9355,6.927506943055741,4.4244770951289135e-05,,
24800,8.123157549950868,1.9407,6.963623801608585,4.419797856908896e-05,,
25000,8.188666885031116,1.946,7.0006289848698255,4.4151186186888774e-05,,
25200,8.254176220111367,1.9433,6.981752780953258,4.4104393804688596e-05,,
25400,8.319685555191615,1.9555,7.0674518663501225,4.405760142248842e-05,,
25600,8.385194890271864,1.9368,6.936518558362528,4.401080904028824e-05,,
25800,8.450704225352112,1.905,6.719407627634948,4.3964016658088064e-05,,
26000,8.516213560432362,1.9192,6.815503884640089,4.3917224275887887e-05,,
26200,8.58172289551261,1.9286,6.879871675813416,4.387043189368771e-05,,
26400,8.64723223059286,1.9241,6.848981807602365,4.382363951148753e-05,,
26600,8.712741565673108,1.931,6.896403197726534,4.3776847129287354e-05,,
26800,8.778250900753358,1.9638,7.126355830133077,4.373005474708718e-05,,
27000,8.843760235833606,1.978,7.228271975024496,4.3683262364887e-05,,
27200,8.909269570913855,1.8935,6.642577062402222,4.363646998268682e-05,,
27400,8.974778905994103,1.9304,6.89226659691224,4.3589677600486645e-05,,
27477,9.0,,,,1.93222975730896,6.904889316828503
27600,9.040288241074354,1.8964,6.661868494940292,4.354288521828647e-05,,
27800,9.105797576154602,1.8811,6.560717683864186,4.349609283608629e-05,,
28000,9.17130691123485,1.8835,6.576482316297357,4.344930045388611e-05,,
28200,9.2368162463151,1.9043,6.714705688166414,4.3402508071685935e-05,,
28400,9.30232558139535,1.9164,6.796447165620113,4.335571568948575e-05,,
28600,9.367834916475598,1.8934,6.64191283790776,4.330892330728557e-05,,
28800,9.433344251555846,1.9348,6.922659385038851,4.3262130925085396e-05,,
29000,9.498853586636095,1.897,6.665866815413448,4.321533854288522e-05,,
29200,9.564362921716345,1.8995,6.682552330655663,4.316854616068504e-05,,
29400,9.629872256796594,1.9193,6.816185469107208,4.3121753778484864e-05,,
29600,9.695381591876842,1.9044,6.715377192309878,4.3074961396284686e-05,,
29800,9.760890926957092,1.9214,6.8305144988076005,4.302816901408451e-05,,
30000,9.82640026203734,1.9076,6.736900818760765,4.298137663188433e-05,,
30200,9.89190959711759,1.8913,6.627979456119549,4.2934584249684154e-05,,
30400,9.957418932197838,1.9125,6.769992641527277,4.288779186748397e-05,,
30530,10.0,,,,1.9279993772506714,6.875740709072947
30600,10.022928267278088,1.884,6.579771379652822,4.28409994852838e-05,,
30800,10.088437602358336,1.8713,6.496736669592811,4.279420710308362e-05,,
31000,10.153946937438585,1.8725,6.5045374331183465,4.2747414720883444e-05,,
31200,10.219456272518833,1.8602,6.425021647266721,4.270062233868327e-05,,
31400,10.284965607599084,1.885,6.586354442015068,4.265382995648309e-05,,
31600,10.350474942679332,1.8929,6.638592711589555,4.260703757428291e-05,,
31800,10.41598427775958,1.8959,6.658538393287611,4.2560245192082735e-05,,
32000,10.481493612839829,1.8584,6.413467010594398,4.251345280988255e-05,,
32200,10.54700294792008,1.8776,6.537795309525673,4.246666042768237e-05,,
32400,10.612512283000328,1.8782,6.54171916374994,4.2419868045482196e-05,,
32600,10.678021618080576,1.9149,6.786260137053175,4.237307566328202e-05,,
32800,10.743530953160825,1.8636,6.446903899616522,4.232628328108184e-05,,
33000,10.809040288241075,1.8815,6.563342495865134,4.2279490898881664e-05,,
33200,10.874549623321323,1.8914,6.628642287206163,4.2232698516681486e-05,,
33400,10.940058958401572,1.8741,6.514953023261459,4.218590613448131e-05,,
33583,11.0,,,,1.9158107042312622,6.792443227930603
33600,11.00556829348182,1.8913,6.627979456119549,4.213911375228113e-05,,
33800,11.07107762856207,1.8374,6.280188525414633,4.209232137008095e-05,,
34000,11.13658696364232,1.827,6.215213023007643,4.204552898788077e-05,,
34200,11.202096298722568,1.8385,6.287100533700186,4.19987366056806e-05,,
34400,11.267605633802816,1.8636,6.446903899616522,4.195194422348042e-05,,
34600,11.333114968883066,1.8259,6.208380047507852,4.1905151841280244e-05,,
34800,11.398624303963315,1.8471,6.341402763194504,4.185835945908007e-05,,
35000,11.464133639043563,1.8457,6.332531011001619,4.181156707687989e-05,,
35200,11.529642974123814,1.8519,6.371914666442803,4.176477469467971e-05,,
35400,11.595152309204062,1.8294,6.230147448404814,4.171798231247953e-05,,
35600,11.66066164428431,1.8689,6.481163197227892,4.167118993027935e-05,,
35800,11.726170979364559,1.8538,6.384032812902637,4.162439754807917e-05,,
36000,11.791680314444807,1.863,6.443036917487402,4.1577605165878996e-05,,
36200,11.857189649525058,1.8322,6.247616306248344,4.153081278367882e-05,,
36400,11.922698984605306,1.8463,6.336331669691808,4.148402040147864e-05,,
36600,11.988208319685555,1.8563,6.400012861672916,4.143722801927846e-05,,
36636,12.0,,,,1.8833563327789307,6.575537559225499
36800,12.053717654765805,1.8077,6.096409552886091,4.1390435637078286e-05,,
37000,12.119226989846053,1.8389,6.289615876948777,4.134364325487811e-05,,
37200,12.184736324926302,1.8407,6.300947380821264,4.129685087267793e-05,,
37400,12.25024566000655,1.8143,6.1367789283333884,4.125005849047775e-05,,
37600,12.3157549950868,1.8241,6.197215014966184,4.120326610827757e-05,,
37800,12.381264330167049,1.8286,6.2251653235617415,4.11564737260774e-05,,
38000,12.446773665247298,1.8455,6.331264631441596,4.110968134387722e-05,,
38200,12.512283000327546,1.8288,6.2264104811380605,4.1062888961677044e-05,,
38400,12.577792335407796,1.8285,6.224542838154174,4.1016096579476867e-05,,
38600,12.643301670488045,1.823,6.190401826390434,4.096930419727669e-05,,
38800,12.708811005568293,1.8347,6.263254887094929,4.092251181507651e-05,,
39000,12.774320340648542,1.8491,6.354098259985852,4.087571943287633e-05,,
39200,12.839829675728792,1.8226,6.187926160826,4.082892705067615e-05,,
39400,12.90533901080904,1.8299,6.23326330102726,4.078213466847597e-05,,
39600,12.970848345889289,1.8246,6.200314397254668,4.0735342286275795e-05,,
39689,13.0,,,,1.9083325862884521,6.741837988157746
39800,13.036357680969537,1.8367,6.275793931734077,4.068854990407562e-05,,
40000,13.101867016049788,1.789,5.98346600764497,4.064175752187544e-05,,
40200,13.167376351130036,1.8,6.0496474644129465,4.059496513967526e-05,,
40400,13.232885686210285,1.7898,5.988254695670901,4.0548172757475086e-05,,
40600,13.298395021290533,1.7958,6.0242922283303715,4.050138037527491e-05,,
40800,13.363904356370783,1.8158,6.145991004055416,4.0454587993074724e-05,,
41000,13.429413691451032,1.8092,6.105561029106682,4.040779561087455e-05,,
41200,13.49492302653128,1.7836,5.95124237331976,4.036100322867437e-05,,
41400,13.560432361611529,1.8195,6.168773292012353,4.03142108464742e-05,,
41600,13.625941696691779,1.8149,6.140462100531552,4.026741846427402e-05,,
41800,13.691451031772027,1.8021,6.0623650729034075,4.0220626082073844e-05,,
42000,13.756960366852276,1.8297,6.23201677302401,4.0173833699873666e-05,,
42200,13.822469701932526,1.7929,6.006847088547032,4.012704131767349e-05,,
42400,13.887979037012775,1.8169,6.1527553138481945,4.0080248935473305e-05,,
42600,13.953488372093023,1.8084,6.100678533542023,4.003345655327313e-05,,
42742,14.0,,,,1.8661166429519653,6.463148887720942
42800,14.018997707173272,1.7986,6.041183883851546,3.998666417107295e-05,,
43000,14.084507042253522,1.7632,5.831066985513206,3.993987178887277e-05,,
43200,14.15001637733377,1.765,5.841572358085994,3.9893079406672595e-05,,
43400,14.215525712414019,1.7935,6.010452278248916,3.984628702447242e-05,,
43600,14.281035047494267,1.7724,5.884960331042166,3.979949464227224e-05,,
43800,14.346544382574518,1.7841,5.954218738535716,3.975270226007206e-05,,
44000,14.412053717654766,1.772,5.8826068176438095,3.9705909877871885e-05,,
44200,14.477563052735015,1.7884,5.979877004848893,3.965911749567171e-05,,
44400,14.543072387815263,1.776,5.906184368579529,3.9612325113471524e-05,,
44600,14.608581722895513,1.7995,6.046623396760655,3.9565532731271346e-05,,
44800,14.674091057975762,1.7795,5.92689223149038,3.951874034907117e-05,,
45000,14.73960039305601,1.8129,6.1281934490714995,3.9471947966871e-05,,
45200,14.805109728136259,1.7838,5.952432740827207,3.942515558467082e-05,,
45400,14.870619063216509,1.7833,5.949457268386892,3.9378363202470644e-05,,
45600,14.936128398296757,1.7839,5.953028013864445,3.9331570820270466e-05,,
45795,15.0,,,,1.869106650352478,6.48250267028359
45800,15.001637733377006,1.7847,5.957792341752594,3.928477843807029e-05,,
46000,15.067147068457254,1.7842,5.954814190181655,3.9237986055870105e-05,,
46200,15.132656403537505,1.7638,5.834566675506521,3.919119367366993e-05,,
46400,15.198165738617753,1.7631,5.8304839079690165,3.914440129146975e-05,,
46600,15.263675073698002,1.7462,5.732776681490428,3.909760890926957e-05,,
46800,15.32918440877825,1.7677,5.857365915160292,3.9050816527069395e-05,,
47000,15.3946937438585,1.797,6.031525718230289,3.900402414486922e-05,,
47200,15.460203078938749,1.7757,5.904412779020677,3.895723176266904e-05,,
47400,15.525712414018997,1.7519,5.765546814729568,3.891043938046886e-05,,
47600,15.591221749099248,1.7784,5.920376234491119,3.8863646998268685e-05,,
47800,15.656731084179496,1.7857,5.963753113983731,3.88168546160685e-05,,
48000,15.722240419259744,1.7515,5.763241057185928,3.8770062233868324e-05,,
48200,15.787749754339993,1.7855,5.962560482628046,3.8723269851668146e-05,,
48400,15.853259089420243,1.7638,5.834566675506521,3.867647746946797e-05,,
48600,15.918768424500492,1.7476,5.74080818958837,3.86296850872678e-05,,
48800,15.98427775958074,1.7622,5.825238833089584,3.858289270506762e-05,,
48848,16.0,,,,1.8861764669418335,6.59410763007377
49000,16.04978709466099,1.7506,5.758056473647012,3.8536100322867443e-05,,
49200,16.11529642974124,1.7439,5.719606446698888,3.8489307940667266e-05,,
49400,16.180805764821486,1.743,5.7144611166426955,3.844251555846708e-05,,
49600,16.246315099901736,1.7446,5.723611572842184,3.8395723176266904e-05,,
49800,16.311824434981986,1.7396,5.695064941029631,3.834893079406673e-05,,
50000,16.377333770062233,1.7364,5.676869860873052,3.830213841186655e-05,,
50200,16.442843105142483,1.7537,5.775934144788555,3.825534602966637e-05,,
50400,16.508352440222733,1.7427,5.712747035432738,3.8208553647466195e-05,,
50600,16.57386177530298,1.748,5.743104972190102,3.816176126526602e-05,,
50800,16.63937111038323,1.7262,5.6192600975608205,3.811496888306584e-05,,
51000,16.704880445463477,1.7446,5.723611572842184,3.806817650086566e-05,,
51200,16.770389780543727,1.7447,5.724183962618481,3.8021384118665485e-05,,
51400,16.835899115623977,1.756,5.789234082386751,3.79745917364653e-05,,
51600,16.901408450704224,1.7674,5.855608968940855,3.7927799354265123e-05,,
51800,16.966917785784474,1.7529,5.771315245278869,3.7881006972064946e-05,,
51901,17.0,,,,1.8624242544174194,6.439328435117368
52000,17.032427120864725,1.7332,5.658732911913455,3.783421458986477e-05,,
52200,17.09793645594497,1.7229,5.600747102481292,3.77874222076646e-05,,
52400,17.16344579102522,1.7209,5.589556802306604,3.774062982546442e-05,,
52600,17.22895512610547,1.7362,5.675734600430705,3.769383744326424e-05,,
52800,17.29446446118572,1.7405,5.700192806669964,3.764704506106406e-05,,
53000,17.35997379626597,1.728,5.629383874402168,3.760025267886388e-05,,
53200,17.425483131346216,1.7201,5.585086945046054,3.7553460296663704e-05,,
53400,17.490992466426466,1.7214,5.5923522795188205,3.750666791446353e-05,,
53600,17.556501801506716,1.7315,5.649121238200668,3.745987553226335e-05,,
53800,17.622011136586963,1.734,5.663261709520492,3.741308315006317e-05,,
54000,17.687520471667213,1.7173,5.569470574721075,3.7366290767862995e-05,,
54200,17.753029806747463,1.7495,5.75172609387319,3.731949838566282e-05,,
54400,17.81853914182771,1.7193,5.5806206622413415,3.727270600346264e-05,,
54600,17.88404847690796,1.7172,5.568913655510028,3.722591362126246e-05,,
54800,17.949557811988207,1.7318,5.650816228808007,3.717912123906228e-05,,
54954,18.0,,,,1.8490206003189087,6.353593766638957
55000,18.015067147068457,1.7215,5.592911542709466,3.71323288568621e-05,,
55200,18.080576482148707,1.7025,5.4876493805561015,3.708553647466192e-05,,
55400,18.146085817228954,1.7208,5.588997874573225,3.7038744092461746e-05,,
55600,18.211595152309204,1.7061,5.507440521004484,3.699195171026157e-05,,
55800,18.277104487389455,1.7248,5.611398637730156,3.69451593280614e-05,,
56000,18.3426138224697,1.6755,5.341465214108346,3.689836694586122e-05,,
56200,18.40812315754995,1.7009,5.478876161993683,3.685157456366104e-05,,
56400,18.4736324926302,1.7026,5.488198172933319,3.680478218146086e-05,,
56600,18.53914182771045,1.7098,5.527855795900337,3.675798979926068e-05,,
56800,18.6046511627907,1.7242,5.608032808397292,3.6711197417060504e-05,,
57000,18.670160497870945,1.7111,5.53504668149793,3.6664405034860327e-05,,
57200,18.735669832951196,1.7127,5.543909844828182,3.661761265266015e-05,,
57400,18.801179168031446,1.7243,5.60859363971923,3.657082027045997e-05,,
57600,18.866688503111693,1.7021,5.4854547597573005,3.6524027888259794e-05,,
57800,18.932197838191943,1.7063,5.508542119264838,3.647723550605962e-05,,
58000,18.99770717327219,1.7215,5.592911542709466,3.643044312385944e-05,,
58007,19.0,,,,1.8553099632263184,6.393679749112283
58200,19.06321650835244,1.6923,5.431959856275598,3.638365074165926e-05,,
58400,19.12872584343269,1.6799,5.365019442351748,3.633685835945908e-05,,
58600,19.194235178512937,1.6958,5.45100502537655,3.62900659772589e-05,,
58800,19.259744513593187,1.6898,5.418396917372569,3.624327359505872e-05,,
59000,19.325253848673437,1.6853,5.394068910313773,3.6196481212858546e-05,,
59200,19.390763183753684,1.684,5.387061176744107,3.614968883065837e-05,,
59400,19.456272518833934,1.7075,5.515156337545219,3.610289644845819e-05,,
59600,19.521781853914185,1.6957,5.45045995212813,3.605610406625802e-05,,
59800,19.58729118899443,1.7011,5.47997204681091,3.6009311684057836e-05,,
60000,19.65280052407468,1.6807,5.369313175169758,3.596251930185766e-05,,
60200,19.718309859154928,1.6898,5.418396917372569,3.591572691965748e-05,,
60400,19.78381919423518,1.7018,5.483809370150155,3.5868934537457304e-05,,
60600,19.84932852931543,1.7125,5.542801173730022,3.5822142155257126e-05,,
60800,19.914837864395675,1.7004,5.476137408658076,3.577534977305695e-05,,
61000,19.980347199475926,1.7034,5.4925904881635015,3.572855739085677e-05,,
61060,20.0,,,,1.862162709236145,6.437644480019289
61200,20.045856534556176,1.6667,5.2946665364131285,3.5681765008656594e-05,,
61400,20.111365869636423,1.661,5.264572785823539,3.563497262645642e-05,,
61600,20.176875204716673,1.6583,5.2503776114108405,3.558818024425624e-05,,
61800,20.24238453979692,1.6784,5.3569779458184,3.5541387862056055e-05,,
62000,20.30789387487717,1.6722,5.323867431213548,3.549459547985588e-05,,
62200,20.37340320995742,1.6712,5.318546224828962,3.54478030976557e-05,,
62400,20.438912545037667,1.6688,5.305797019055919,3.540101071545552e-05,,
62600,20.504421880117917,1.6767,5.347878819759034,3.5354218333255345e-05,,
62800,20.569931215198167,1.6843,5.3886775375391265,3.530742595105517e-05,,
63000,20.635440550278414,1.6915,5.427616026154298,3.526063356885499e-05,,
63200,20.700949885358664,1.6708,5.3164192317660035,3.521384118665482e-05,,
63400,20.76645922043891,1.7079,5.517362841351578,3.5167048804454636e-05,,
63600,20.83196855551916,1.699,5.468476180397072,3.512025642225446e-05,,
63800,20.89747789059941,1.684,5.387061176744107,3.507346404005428e-05,,
64000,20.962987225679658,1.7035,5.493139774676186,3.5026671657854104e-05,,
64113,21.0,,,,1.8450345993041992,6.328318742039486
64200,21.02849656075991,1.6687,5.305266465882114,3.4979879275653926e-05,,
64400,21.09400589584016,1.6614,5.266679036159852,3.493308689345375e-05,,
64600,21.159515230920405,1.6587,5.252478182541623,3.488629451125357e-05,,
64800,21.225024566000656,1.6588,5.253003456623143,3.4839502129053394e-05,,
65000,21.290533901080906,1.681,5.3709242107655655,3.4792709746853216e-05,,
65200,21.356043236161153,1.6696,5.310043354979061,3.474591736465303e-05,,
65400,21.421552571241403,1.672,5.322802764197557,3.4699124982452855e-05,,
65600,21.48706190632165,1.6496,5.204897451751827,3.465233260025268e-05,,
65800,21.5525712414019,1.6593,5.255630615086338,3.46055402180525e-05,,
66000,21.61808057648215,1.6847,5.390833439705831,3.455874783585232e-05,,
66200,21.683589911562397,1.6707,5.315887616424036,3.4511955453652145e-05,,
66400,21.749099246642647,1.6714,5.319610040451944,3.446516307145197e-05,,
66600,21.814608581722897,1.66,5.259310844446898,3.441837068925179e-05,,
66800,21.880117916803144,1.6839,5.386522497560841,3.437157830705161e-05,,
67000,21.945627251883394,1.6786,5.358049448554267,3.4324785924851436e-05,,
67166,22.0,,,,1.8298988342285156,6.233256034470884
67200,22.01113658696364,1.6392,5.1510470258393175,3.427799354265126e-05,,
67400,22.07664592204389,1.6349,5.128945076873893,3.423120116045108e-05,,
67600,22.14215525712414,1.6529,5.222101985209703,3.41844087782509e-05,,
67800,22.207664592204388,1.6395,5.152592571767366,3.4137616396050726e-05,,
68000,22.27317392728464,1.651,5.21218941136499,3.409082401385055e-05,,
68200,22.33868326236489,1.6495,5.204376988030272,3.404403163165037e-05,,
68400,22.404192597445135,1.6541,5.2283722690098,3.3997239249450194e-05,,
68600,22.469701932525386,1.6634,5.277222934615995,3.3950446867250016e-05,,
68800,22.535211267605632,1.6303,5.105406110649619,3.390365448504983e-05,,
69000,22.600720602685882,1.6389,5.149501943505504,3.3856862102849655e-05,,
69200,22.666229937766133,1.6277,5.092149296088863,3.381006972064948e-05,,
69400,22.73173927284638,1.6334,5.121257426437843,3.37632773384493e-05,,
69600,22.79724860792663,1.632,5.114092682531806,3.371648495624912e-05,,
69800,22.86275794300688,1.6573,5.2451298581133905,3.3669692574048945e-05,,
70000,22.928267278087127,1.6512,5.213231953498,3.362290019184877e-05,,
70200,22.993776613167377,1.6771,5.350018399174292,3.357610780964859e-05,,
70219,23.0,,,,1.8145469427108765,6.138294548285948
70400,23.059285948247624,1.6338,5.123306339163645,3.352931542744841e-05,,
70600,23.124795283327874,1.6252,5.0794348225626695,3.3482523045248235e-05,,
70800,23.190304618408124,1.622,5.063206610118453,3.343573066304806e-05,,
71000,23.25581395348837,1.6237,5.071821381836889,3.338893828084788e-05,,
71200,23.32132328856862,1.6396,5.153107856788365,3.33421458986477e-05,,
71400,23.38683262364887,1.6357,5.133049874635574,3.3295353516447526e-05,,
71600,23.452341958729118,1.6234,5.070300063631479,3.324856113424735e-05,,
71800,23.51785129380937,1.6282,5.094696007361669,3.320176875204717e-05,,
72000,23.58336062888962,1.6328,5.118185593623981,3.3154976369846993e-05,,
72200,23.648869963969865,1.6471,5.191901459881032,3.310818398764681e-05,,
72400,23.714379299050115,1.6379,5.144355015454933,3.306139160544663e-05,,
72600,23.779888634130362,1.6305,5.106427293986679,3.3014599223246454e-05,,
72800,23.845397969210612,1.639,5.150016919448222,3.296780684104628e-05,,
73000,23.910907304290863,1.6413,5.161875590607089,3.29210144588461e-05,,
73200,23.97641663937111,1.6143,5.024369633467486,3.287422207664592e-05,,
73272,24.0,,,,1.8009510040283203,6.055403440065724
73400,24.04192597445136,1.612,5.012826862585462,3.2827429694445745e-05,,
73600,24.10743530953161,1.6189,5.047534973214653,3.278063731224557e-05,,
73800,24.172944644611857,1.6199,5.05258503279682,3.273384493004539e-05,,
74000,24.238453979692107,1.6124,5.014832394410121,3.268705254784521e-05,,
74200,24.303963314772353,1.619,5.0480397519504905,3.2640260165645035e-05,,
74400,24.369472649852604,1.6097,5.001310609569232,3.259346778344486e-05,,
74600,24.434981984932854,1.6141,5.023364860021486,3.254667540124468e-05,,
74800,24.5004913200131,1.6426,5.168590392550474,3.24998830190445e-05,,
75000,24.56600065509335,1.6019,4.962452131889824,3.2453090636844326e-05,,
75200,24.6315099901736,1.6049,4.9773618416678795,3.240629825464415e-05,,
75400,24.697019325253848,1.6266,5.086551011484191,3.235950587244397e-05,,
75600,24.762528660334098,1.5863,4.885638582093228,3.231271349024379e-05,,
75800,24.828037995414345,1.6127,5.01633706981847,3.226592110804361e-05,,
76000,24.893547330494595,1.6166,5.035938983276586,3.221912872584343e-05,,
76200,24.959056665574845,1.6228,5.067258796064809,3.2172336343643254e-05,,
76325,25.0,,,,1.802066445350647,6.06216165578195
76400,25.024566000655092,1.6144,5.024872095553518,3.212554396144308e-05,,
76600,25.090075335735342,1.5744,4.827844042499024,3.20787515792429e-05,,
76800,25.155584670815593,1.5763,4.837025665959921,3.203195919704272e-05,,
77000,25.22109400589584,1.5847,4.877827810645335,3.1985166814842545e-05,,
77200,25.28660334097609,1.6116,5.010822132813112,3.193837443264237e-05,,
77400,25.352112676056336,1.5934,4.920450050501886,3.189158205044219e-05,,
77600,25.417622011136586,1.5938,4.922418624210581,3.184478966824201e-05,,
77800,25.483131346216837,1.5972,4.939183331385095,3.1797997286041835e-05,,
78000,25.548640681297083,1.6036,4.970895475322515,3.175120490384166e-05,,
78200,25.614150016377334,1.6069,4.987326526714701,3.170441252164148e-05,,
78400,25.679659351457584,1.597,4.9381955934959,3.16576201394413e-05,,
78600,25.74516868653783,1.5919,4.913074908165725,3.1610827757241125e-05,,
78800,25.81067802161808,1.6047,4.976366468840147,3.156403537504095e-05,,
79000,25.87618735669833,1.5869,4.888570844833337,3.151724299284077e-05,,
79200,25.941696691778578,1.5999,4.952537145917012,3.1470450610640586e-05,,
79378,26.0,,,,1.7865403890609741,5.968767093414711
79400,26.007206026858828,1.5946,4.9263581347040395,3.142365822844041e-05,,
79600,26.072715361939075,1.5791,4.850588316674679,3.137686584624023e-05,,
79800,26.138224697019325,1.5804,4.856898182010185,3.1330073464040054e-05,,
80000,26.203734032099575,1.5665,4.789854331499678,3.128328108183988e-05,,
80200,26.269243367179822,1.5762,4.836541987577648,3.12364886996397e-05,,
80400,26.334752702260072,1.5915,4.91111007119605,3.118969631743952e-05,,
80600,26.400262037340323,1.5949,4.927836263852737,3.1142903935239344e-05,,
80800,26.46577137242057,1.5981,4.943630597352837,3.109611155303917e-05,,
81000,26.53128070750082,1.5975,4.940665308669988,3.104931917083899e-05,,
81200,26.596790042581066,1.5961,4.933753216831113,3.100252678863881e-05,,
81400,26.662299377661316,1.6006,4.956005135573924,3.0955734406438635e-05,,
81600,26.727808712741567,1.618,5.042994235377287,3.090894202423846e-05,,
81800,26.793318047821813,1.6009,4.957492160157131,3.086214964203828e-05,,
82000,26.858827382902064,1.583,4.869542547835993,3.08153572598381e-05,,
82200,26.924336717982314,1.5806,4.857869658791026,3.0768564877637925e-05,,
82400,26.98984605306256,1.604,4.972884231237312,3.072177249543775e-05,,
82431,27.0,,,,1.795841932296753,6.024544846036199
82600,27.05535538814281,1.5864,4.886127170380444,3.067498011323757e-05,,
82800,27.120864723223058,1.5661,4.787938772904338,3.0628187731037386e-05,,
83000,27.186374058303308,1.5855,4.8817316342150745,3.058139534883721e-05,,
83200,27.251883393383558,1.5888,4.897867958900003,3.053460296663703e-05,,
83400,27.317392728463805,1.5601,4.759297151057267,3.0487810584436854e-05,,
83600,27.382902063544055,1.5916,4.911601206759538,3.0441018202236676e-05,,
83800,27.448411398624305,1.571,4.811457246094358,3.03942258200365e-05,,
84000,27.513920733704552,1.5783,4.846709397795767,3.034743343783632e-05,,
84200,27.579430068784802,1.5668,4.791291503364128,3.030064105563614e-05,,
84400,27.644939403865052,1.5799,4.8544703399302795,3.0253848673435963e-05,,
84600,27.7104487389453,1.5849,4.878803473770524,3.0207056291235786e-05,,
84800,27.77595807402555,1.5914,4.910618984743662,3.0160263909035612e-05,,
85000,27.841467409105796,1.5389,4.659462042732676,3.0113471526835435e-05,,
85200,27.906976744186046,1.5797,4.853499542945229,3.0066679144635257e-05,,
85400,27.972486079266297,1.583,4.869542547835993,3.001988676243508e-05,,
85484,28.0,,,,1.7804330587387085,5.932424950855033
85600,28.037995414346543,1.5572,4.745515182831989,2.9973094380234902e-05,,
85800,28.103504749426794,1.5447,4.686565446471535,2.992630199803472e-05,,
86000,28.169014084507044,1.5447,4.686565446471535,2.9879509615834544e-05,,
86200,28.23452341958729,1.5745,4.828326851043298,2.9832717233634367e-05,,
86400,28.30003275466754,1.5718,4.815307951968213,2.978592485143419e-05,,
86600,28.365542089747787,1.5514,4.718070860242613,2.973913246923401e-05,,
86800,28.431051424828038,1.5645,4.780284196162062,2.969234008703383e-05,,
87000,28.496560759908288,1.5506,4.714297912934567,2.9645547704833654e-05,,
87200,28.562070094988535,1.5642,4.778850325994492,2.9598755322633476e-05,,
87400,28.627579430068785,1.5633,4.7745512955549785,2.95519629404333e-05,,
87600,28.693088765149035,1.5782,4.846224751088726,2.9505170558233118e-05,,
87800,28.758598100229282,1.5788,4.849133358434324,2.945837817603294e-05,,
88000,28.824107435309532,1.5583,4.750738121622793,2.9411585793832763e-05,,
88200,28.88961677038978,1.5426,4.676733985680837,2.9364793411632586e-05,,
88400,28.95512610547003,1.5638,4.776939168121151,2.9318001029432412e-05,,
88537,29.0,,,,1.803606629371643,6.071505694219092
88600,29.02063544055028,1.5504,4.713355147631653,2.9271208647232234e-05,,
88800,29.086144775630526,1.5503,4.71288383568288,2.9224416265032057e-05,,
89000,29.151654110710776,1.5386,4.658064413774682,2.917762388283188e-05,,
89200,29.217163445791027,1.5339,4.63622287884364,2.91308315006317e-05,,
89400,29.282672780871273,1.5374,4.65247808894341,2.908403911843152e-05,,
89600,29.348182115951523,1.5642,4.778850325994492,2.9037246736231344e-05,,
89800,29.413691451031774,1.5609,4.763106112159409,2.8990454354031166e-05,,
90000,29.47920078611202,1.5652,4.783631566542323,2.894366197183099e-05,,
90200,29.54471012119227,1.5689,4.801363787718201,2.8896869589630808e-05,,
90400,29.610219456272517,1.547,4.697356952473067,2.885007720743063e-05,,
90600,29.675728791352768,1.5424,4.6757987324121455,2.8803284825230453e-05,,
90800,29.741238126433018,1.5333,4.633441979469573,2.8756492443030276e-05,,
91000,29.806747461513265,1.5467,4.695947956747251,2.87097000608301e-05,,
91200,29.872256796593515,1.5591,4.754540232761768,2.8662907678629918e-05,,
91400,29.937766131673765,1.5338,4.635759279736098,2.861611529642974e-05,,
91590,30.0,,,,1.7858814001083374,5.964835037572267
91600,30.003275466754012,1.5609,4.763106112159409,2.8569322914229563e-05,,
91800,30.068784801834262,1.5371,4.651082554857306,2.8522530532029386e-05,,
92000,30.13429413691451,1.5082,4.51859000779037,2.8475738149829205e-05,,
92200,30.19980347199476,1.5544,4.732246325389465,2.8428945767629034e-05,,
92400,30.26531280707501,1.547,4.697356952473067,2.8382153385428857e-05,,
92600,30.330822142155256,1.5159,4.553517448928242,2.8335361003228676e-05,,
92800,30.396331477235506,1.5427,4.6772016824638545,2.82885686210285e-05,,
93000,30.461840812315756,1.5338,4.635759279736098,2.824177623882832e-05,,
93200,30.527350147396003,1.5404,4.666456480313504,2.8194983856628144e-05,,
93400,30.592859482476253,1.5286,4.61171589845054,2.8148191474427966e-05,,
93600,30.6583688175565,1.5439,4.682817693415461,2.8101399092227785e-05,,
93800,30.72387815263675,1.5439,4.682817693415461,2.8054606710027608e-05,,
94000,30.789387487717,1.5362,4.64689846368139,2.800781432782743e-05,,
94200,30.854896822797247,1.5374,4.65247808894341,2.7961021945627253e-05,,
94400,30.920406157877498,1.5489,4.706290414784478,2.7914229563427076e-05,,
94600,30.985915492957748,1.5145,4.547146984865096,2.7867437181226895e-05,,
94643,31.0,,,,1.7872850894927979,5.973213692333201
94800,31.051424828037995,1.5075,4.515428101581201,2.7820644799026718e-05,,
95000,31.116934163118245,1.5255,4.5974417155800325,2.777385241682654e-05,,
95200,31.182443498198495,1.5089,4.521754128108733,2.7727060034626363e-05,,
95400,31.24795283327874,1.5092,4.523110857846452,2.7680267652426185e-05,,
95600,31.313462168358992,1.5256,4.597901482739565,2.7633475270226005e-05,,
95800,31.37897150343924,1.5387,4.658530243507157,2.7586682888025834e-05,,
96000,31.44448083851949,1.5073,4.514525106263427,2.7539890505825657e-05,,
96200,31.50999017359974,1.5313,4.624184356219758,2.7493098123625476e-05,,
96400,31.575499508679986,1.5135,4.5426021106960555,2.7446305741425298e-05,,
96600,31.641008843760236,1.5395,4.662258558829249,2.739951335922512e-05,,
96800,31.706518178840486,1.5357,4.644575595215059,2.7352720977024943e-05,,
97000,31.772027513920733,1.5255,4.5974417155800325,2.7305928594824766e-05,,
97200,31.837536849000983,1.5158,4.5530621199501775,2.7259136212624585e-05,,
97400,31.90304618408123,1.5237,4.589173763880864,2.7212343830424408e-05,,
97600,31.96855551916148,1.5097,4.525372978758475,2.716555144822423e-05,,
97696,32.0,,,,1.7702189683914185,5.872139033455032
97800,32.03406485424173,1.5076,4.515879666969253,2.7118759066024053e-05,,
98000,32.09957418932198,1.5149,4.548966207479308,2.7071966683823872e-05,,
98200,32.16508352440223,1.4953,4.4606745545038935,2.7025174301623695e-05,,
98400,32.23059285948248,1.4833,4.407466347588291,2.6978381919423517e-05,,
98600,32.29610219456273,1.519,4.567655255297767,2.693158953722334e-05,,
98800,32.36161152964297,1.5058,4.5077583949063085,2.6884797155023163e-05,,
99000,32.42712086472322,1.5292,4.614483758264518,2.6838004772822982e-05,,
99200,32.49263019980347,1.5348,4.640397357668292,2.6791212390622804e-05,,
99400,32.55813953488372,1.5191,4.568112043662334,2.6744420008422634e-05,,
99600,32.62364886996397,1.5148,4.548511333602633,2.6697627626222453e-05,,
99800,32.689158205044215,1.5208,4.575884438800577,2.6650835244022276e-05,,
100000,32.754667540124466,1.5127,4.538969482252615,2.6604042861822098e-05,,
100200,32.820176875204716,1.5029,4.4947048323751195,2.655725047962192e-05,,
100400,32.885686210284966,1.523,4.585962466331417,2.6510458097421743e-05,,
100600,32.951195545365216,1.5313,4.624184356219758,2.6463665715221562e-05,,
100749,33.0,,,,1.7818341255187988,5.940742499739168
100800,33.01670488044547,1.5083,4.5190418893848525,2.6416873333021385e-05,,
101000,33.08221421552571,1.4858,4.418498798274552,2.6370080950821208e-05,,
101200,33.14772355060596,1.5047,4.502802586866044,2.632328856862103e-05,,
101400,33.21323288568621,1.4942,4.4557705102127905,2.6276496186420853e-05,,
101600,33.27874222076646,1.4839,4.410111620899479,2.6229703804220672e-05,,
101800,33.34425155584671,1.506,4.508660036746468,2.6182911422020495e-05,,
102000,33.409760890926954,1.4873,4.42513151976945,2.6136119039820317e-05,,
102200,33.475270226007204,1.4874,4.4255740550478215,2.608932665762014e-05,,
102400,33.540779561087454,1.5186,4.565828558559351,2.6042534275419962e-05,,
102600,33.606288896167705,1.485,4.414965412778578,2.599574189321978e-05,,
102800,33.671798231247955,1.5103,4.5280890172758035,2.5948949511019604e-05,,
103000,33.737307566328205,1.4885,4.430444864962687,2.5902157128819434e-05,,
103200,33.80281690140845,1.4972,4.46915789277674,2.5855364746619253e-05,,
103400,33.8683262364887,1.5033,4.496503073932406,2.5808572364419075e-05,,
103600,33.93383557156895,1.5129,4.539877366934507,2.5761779982218898e-05,,
103800,33.9993449066492,1.5231,4.586421085508627,2.571498760001872e-05,,
103802,34.0,,,,1.7829127311706543,5.947153675119046
104000,34.06485424172945,1.47,4.349235141062741,2.5668195217818543e-05,,
104200,34.13036357680969,1.4822,4.4026208001456295,2.5621402835618362e-05,,
104400,34.19587291188994,1.5008,4.485275856117351,2.5574610453418185e-05,,
104600,34.26138224697019,1.4798,4.39206717963563,2.5527818071218007e-05,,
104800,34.32689158205044,1.4667,4.3349063206543095,2.548102568901783e-05,,
105000,34.39240091713069,1.4815,4.399540043975985,2.543423330681765e-05,,
105200,34.45791025221094,1.4608,4.309405674242448,2.5387440924617472e-05,,
105400,34.52341958729119,1.4732,4.363174985369701,2.5340648542417294e-05,,
105600,34.58892892237144,1.4963,4.465137460139306,2.5293856160217117e-05,,
105800,34.65443825745169,1.4715,4.355763889111231,2.524706377801694e-05,,
106000,34.71994759253194,1.48,4.392945680918757,2.520027139581676e-05,,
106200,34.78545692761219,1.482,4.401740364032147,2.515347901361658e-05,,
106400,34.85096626269243,1.4748,4.370161653190061,2.5106686631416404e-05,,
106600,34.91647559777268,1.4901,4.437539250741782,2.505989424921623e-05,,
106800,34.98198493285293,1.4884,4.430001842627677,2.5013101867016052e-05,,
106855,35.0,,,,1.7693519592285156,5.867050041527288
107000,35.04749426793318,1.4779,4.3837301746571,2.4966309484815872e-05,,
107200,35.11300360301343,1.4781,4.38460700837248,2.4919517102615694e-05,,
107400,35.178512938093675,1.4779,4.3837301746571,2.487272472041552e-05,,
107600,35.244022273173925,1.4663,4.333172704872319,2.482593233821534e-05,,
107800,35.309531608254176,1.4414,4.22660892935319,2.4779139956015162e-05,,
108000,35.375040943334426,1.4764,4.3771595086266375,2.4732347573814985e-05,,
108200,35.440550278414676,1.4736,4.364920604464393,2.4685555191614807e-05,,
108400,35.50605961349493,1.4673,4.3375080448859205,2.463876280941463e-05,,
108600,35.57156894857517,1.4897,4.435764589997296,2.459197042721445e-05,,
108800,35.63707828365542,1.4749,4.370598691206916,2.454517804501427e-05,,
109000,35.70258761873567,1.4619,4.314148628630779,2.4498385662814094e-05,,
109200,35.76809695381592,1.475,4.371035772929758,2.4451593280613917e-05,,
109400,35.83360628889617,1.4785,4.386361201991163,2.440480089841374e-05,,
109600,35.899115623976414,1.47,4.349235141062741,2.4358008516213562e-05,,
109800,35.964624959056664,1.4759,4.374971475926083,2.4311216134013385e-05,,
109908,36.0,,,,1.7649431228637695,5.841240115627773
110000,36.030134294136914,1.4506,4.2656731513920265,2.4264423751813207e-05,,
110200,36.095643629217165,1.45,4.263114515168817,2.421763136961303e-05,,
110400,36.161152964297415,1.4516,4.269940958091118,2.417083898741285e-05,,
110600,36.22666229937766,1.4542,4.281057249498807,2.412404660521267e-05,,
110800,36.29217163445791,1.4716,4.356199487279688,2.4077254223012494e-05,,
111000,36.35768096953816,1.4742,4.367540342669941,2.4030461840812317e-05,,
111200,36.42319030461841,1.467,4.336206987640799,2.398366945861214e-05,,
111400,36.48869963969866,1.4641,4.323650203513837,2.3936877076411962e-05,,
111600,36.55420897477891,1.4406,4.223228994363966,2.3890084694211784e-05,,
111800,36.61971830985915,1.4693,4.346191741778019,2.3843292312011607e-05,,
112000,36.6852276449394,1.4742,4.367540342669941,2.3796499929811426e-05,,
112200,36.75073698001965,1.4756,4.373659181337336,2.374970754761125e-05,,
112400,36.8162463150999,1.4804,4.394703210673641,2.370291516541107e-05,,
112600,36.88175565018015,1.4745,4.368850801331712,2.3656122783210894e-05,,
112800,36.9472649852604,1.4464,4.247794894776103,2.3609330401010717e-05,,
112961,37.0,,,,1.7555948495864868,5.786889046882477
113000,37.01277432034065,1.4424,4.230837652291617,2.356253801881054e-05,,
113200,37.0782836554209,1.4409,4.224496153126585,2.3515745636610362e-05,,
113400,37.14379299050115,1.4465,4.248219695505263,2.3468953254410184e-05,,
113600,37.2093023255814,1.4386,4.21479097720507,2.3422160872210007e-05,,
113800,37.27481166066165,1.4293,4.175775126031361,2.3375368490009826e-05,,
114000,37.34032099574189,1.4521,4.272076462401751,2.332857610780965e-05,,
114200,37.40583033082214,1.4511,4.267806521265746,2.328178372560947e-05,,
114400,37.47133966590239,1.4558,4.28791242377499,2.3234991343409294e-05,,
114600,37.53684900098264,1.4703,4.350540107340214,2.3188198961209116e-05,,
114800,37.60235833606289,1.428,4.170350145368969,2.314140657900894e-05,,
115000,37.667867671143135,1.4284,4.1720186190996165,2.309461419680876e-05,,
115200,37.733377006223385,1.4369,4.207631919467038,2.3047821814608584e-05,,
115400,37.798886341303636,1.4526,4.274213034731522,2.3001029432408407e-05,,
115600,37.864395676383886,1.476,4.375408994949263,2.2954237050208226e-05,,
115800,37.929905011464136,1.4567,4.291773282082017,2.290744466800805e-05,,
116000,37.99541434654438,1.4455,4.2439735992117456,2.286065228580787e-05,,
116014,38.0,,,,1.764972448348999,5.841411415340217
116200,38.06092368162463,1.4334,4.192930949453663,2.2813859903607694e-05,,
116400,38.12643301670488,1.4259,4.161601599252207,2.2767067521407513e-05,,
116600,38.19194235178513,1.4499,4.2626882250321625,2.272027513920734e-05,,
116800,38.25745168686538,1.444,4.237612410896887,2.267348275700716e-05,,
117000,38.32296102194563,1.4354,4.2013252028078405,2.2626690374806984e-05,,
117200,38.388470357025874,1.4402,4.221540040579496,2.2579897992606803e-05,,
117400,38.453979692106124,1.44,4.220695816996552,2.2533105610406626e-05,,
117600,38.519489027186374,1.4172,4.12555270540506,2.248631322820645e-05,,
117800,38.584998362266624,1.4522,4.272503691409085,2.243952084600627e-05,,
118000,38.650507697346875,1.452,4.271649276115181,2.2392728463806094e-05,,
118200,38.71601703242712,1.4302,4.1795350153411865,2.2345936081605913e-05,,
118400,38.78152636750737,1.4537,4.278917255917037,2.229914369940574e-05,,
118600,38.84703570258762,1.45,4.263114515168817,2.225235131720556e-05,,
118800,38.91254503766787,1.4181,4.129267374190137,2.2205558935005384e-05,,
119000,38.97805437274812,1.4402,4.221540040579496,2.2158766552805203e-05,,
119067,39.0,,,,1.761999487876892,5.824070919177912
119200,39.04356370782837,1.4222,4.146232124397461,2.2111974170605026e-05,,
119400,39.10907304290861,1.4128,4.107440150343991,2.206518178840485e-05,,
119600,39.17458237798886,1.4175,4.126790556885119,2.201838940620467e-05,,
119800,39.24009171306911,1.4413,4.226186289592595,2.1971597024004494e-05,,
120000,39.30560104814936,1.4387,4.215212477377447,2.1924804641804313e-05,,
120200,39.37111038322961,1.4051,4.075934314319966,2.187801225960414e-05,,
120400,39.436619718309856,1.4423,4.230414589679872,2.183121987740396e-05,,
120600,39.50212905339011,1.4126,4.106618744457249,2.1784427495203784e-05,,
120800,39.56763838847036,1.4618,4.31371723533794,2.1737635113003603e-05,,
121000,39.63314772355061,1.4346,4.197965486711218,2.1690842730803426e-05,,
121200,39.69865705863086,1.4378,4.211420492796827,2.1644050348603248e-05,,
121400,39.7641663937111,1.4145,4.1144287372153325,2.159725796640307e-05,,
121600,39.82967572879135,1.4197,4.135879490271122,2.1550465584202893e-05,,
121800,39.8951850638716,1.428,4.170350145368969,2.1503673202002713e-05,,
122000,39.96069439895185,1.4179,4.1284416032951405,2.145688081980254e-05,,
122120,40.0,,,,1.7415140867233276,5.7059762284656195
122200,40.0262037340321,1.4289,4.174105149998422,2.141008843760236e-05,,
122400,40.09171306911235,1.4177,4.12761599753781,2.1363296055402184e-05,,
122600,40.157222404192595,1.395,4.034974572632203,2.1316503673202003e-05,,
122800,40.222731739272845,1.3927,4.02570479544534,2.1269711291001826e-05,,
123000,40.288241074353095,1.4136,4.110727417195686,2.1222918908801648e-05,,
123200,40.353750409433346,1.4386,4.21479097720507,2.117612652660147e-05,,
123400,40.419259744513596,1.4431,4.233800275445352,2.112933414440129e-05,,
123600,40.48476907959384,1.4331,4.1916732588318535,2.1082541762201113e-05,,
123800,40.55027841467409,1.3892,4.011639457361292,2.103574938000094e-05,,
124000,40.61578774975434,1.4259,4.161601599252207,2.098895699780076e-05,,
124200,40.68129708483459,1.4309,4.182461714076976,2.094216461560058e-05,,
124400,40.74680641991484,1.4308,4.18204348881718,2.0895372233400403e-05,,
124600,40.81231575499508,1.406,4.079604306451588,2.0848579851200225e-05,,
124800,40.87782509007533,1.3879,4.006427714433611,2.0801787469000048e-05,,
125000,40.943334425155584,1.4247,4.156610672488075,2.075499508679987e-05,,
125173,41.0,,,,1.7468122243881226,5.736287501781739
125200,41.008843760235834,1.4395,4.2185859965871115,2.070820270459969e-05,,
125400,41.074353095316084,1.4022,4.06413122755624,2.0661410322399512e-05,,
125600,41.139862430396335,1.4239,4.153286713710872,2.061461794019934e-05,,
125800,41.20537176547658,1.3971,4.043456922584918,2.056782555799916e-05,,
126000,41.27088110055683,1.3973,4.044265694843964,2.052103317579898e-05,,
126200,41.33639043563708,1.416,4.120605011368718,2.0474240793598803e-05,,
126400,41.40189977071733,1.4142,4.113194593724947,2.0427448411398625e-05,,
126600,41.46740910579758,1.3823,3.984054422917866,2.0380656029198448e-05,,
126800,41.53291844087782,1.4134,4.109905353921315,2.033386364699827e-05,,
127000,41.59842777595807,1.4148,4.115663251004306,2.028707126479809e-05,,
127200,41.66393711103832,1.4109,4.09964342329455,2.0240278882597912e-05,,
127400,41.72944644611857,1.4322,4.1879024500174005,2.019348650039774e-05,,
127600,41.79495578119882,1.3889,4.010436146029808,2.014669411819756e-05,,
127800,41.86046511627907,1.424,4.153702063149369,2.009990173599738e-05,,
128000,41.925974451359316,1.4114,4.101693757547045,2.0053109353797203e-05,,
128200,41.99148378643957,1.4286,4.172853106269372,2.0006316971597025e-05,,
128226,42.0,,,,1.7733968496322632,5.890829676525457
128400,42.05699312151982,1.4248,4.15702635433907,1.9959524589396848e-05,,
128600,42.12250245660007,1.401,4.059257195087539,1.991273220719667e-05,,
128800,42.18801179168032,1.4167,4.123490444660507,1.986593982499649e-05,,
129000,42.25352112676056,1.3956,4.037396283816486,1.9819147442796312e-05,,
129200,42.31903046184081,1.3772,3.9637874700194766,1.9772355060596138e-05,,
129400,42.38453979692106,1.3903,4.016054688696421,1.9725562678395957e-05,,
129600,42.45004913200131,1.4136,4.110727417195686,1.967877029619578e-05,,
129800,42.51555846708156,1.3785,3.968943744582793,1.9631977913995603e-05,,
130000,42.58106780216181,1.4024,4.064944135089796,1.9585185531795425e-05,,
130200,42.646577137242055,1.3829,3.9864455728448602,1.9538393149595248e-05,,
130400,42.712086472322305,1.4131,4.108672567242386,1.9491600767395067e-05,,
130600,42.777595807402555,1.3922,4.023692446176859,1.944480838519489e-05,,
130800,42.843105142482806,1.3991,4.051551928737905,1.9398016002994712e-05,,
131000,42.908614477563056,1.3997,4.053983589320373,1.9351223620794538e-05,,
131200,42.9741238126433,1.4168,4.123902814323112,1.9304431238594357e-05,,
131279,43.0,,,,1.7452079057693481,5.7270920471318405
131400,43.03963314772355,1.381,3.9788785172357057,1.925763885639418e-05,,
131600,43.1051424828038,1.3711,3.939681962995893,1.9210846474194002e-05,,
131800,43.17065181788405,1.4011,4.05966314110401,1.9164054091993825e-05,,
132000,43.2361611529643,1.3809,3.978480649277712,1.9117261709793648e-05,,
132200,43.30167048804454,1.3793,3.9721201699792084,1.9070469327593467e-05,,
132400,43.36717982312479,1.4047,4.074304266625511,1.902367694539329e-05,,
132600,43.432689158205044,1.3796,3.9733119847934852,1.8976884563193112e-05,,
132800,43.498198493285294,1.4051,4.075934314319966,1.8930092180992938e-05,,
133000,43.563707828365544,1.3961,4.039415486717052,1.8883299798792757e-05,,
133200,43.629217163445794,1.3742,3.95191392682936,1.883650741659258e-05,,
133400,43.69472649852604,1.3856,3.9972235195720205,1.8789715034392402e-05,,
133600,43.76023583360629,1.3893,4.012040641365894,1.8742922652192225e-05,,
133800,43.82574516868654,1.3952,4.035781648251601,1.8696130269992048e-05,,
134000,43.89125450376679,1.4067,4.082461029202418,1.8649337887791867e-05,,
134200,43.95676383884704,1.3815,3.980868453937042,1.860254550559169e-05,,
134332,44.0,,,,1.7235318422317505,5.60428700924352
134400,44.02227317392728,1.3867,4.001622884650741,1.8555753123391512e-05,,
134600,44.08778250900753,1.3717,3.9420464814582936,1.8508960741191338e-05,,
134800,44.15329184408778,1.4046,4.07389685656969,1.8462168358991157e-05,,
135000,44.21880117916803,1.3669,3.923169998150068,1.841537597679098e-05,,
135200,44.28431051424828,1.3618,3.903212765360399,1.8368583594590802e-05,,
135400,44.349819849328526,1.3691,3.9318104731835435,1.8321791212390625e-05,,
135600,44.415329184408776,1.3715,3.941258150997676,1.8274998830190444e-05,,
135800,44.480838519489026,1.383,3.9868442373350366,1.8228206447990267e-05,,
136000,44.54634785456928,1.3812,3.979674372522029,1.818141406579009e-05,,
136200,44.61185718964953,1.3947,4.033764261816113,1.8134621683589912e-05,,
136400,44.67736652472978,1.3808,3.9780828211045245,1.8087829301389734e-05,,
136600,44.74287585981002,1.384,3.9908330756591304,1.8041036919189557e-05,,
136800,44.80838519489027,1.3642,3.9125917262484298,1.799424453698938e-05,,
137000,44.87389452997052,1.3942,4.031747883821712,1.7947452154789202e-05,,
137200,44.93940386505077,1.3773,3.9641838685860766,1.7900659772589025e-05,,
137385,45.0,,,,1.7230000495910645,5.601307482971002
137400,45.00491320013102,1.3872,4.003624196379304,1.7853867390388844e-05,,
137600,45.070422535211264,1.3603,3.897362335131986,1.7807075008188667e-05,,
137800,45.135931870291515,1.3437,3.833200139959832,1.776028262598849e-05,,
138000,45.201441205371765,1.3765,3.9610137896918367,1.7713490243788312e-05,,
138200,45.266950540452015,1.3967,4.0418398632493115,1.7666697861588134e-05,,
138400,45.332459875532265,1.3682,3.928273435663313,1.7619905479387957e-05,,
138600,45.397969210612516,1.365,3.915723051992722,1.757311309718778e-05,,
138800,45.46347854569276,1.3706,3.9377126143925745,1.7526320714987602e-05,,
139000,45.52898788077301,1.3765,3.9610137896918367,1.7479528332787425e-05,,
139200,45.59449721585326,1.3538,3.8721116336369352,1.7432735950587244e-05,,
139400,45.66000655093351,1.357,3.884522237239959,1.7385943568387066e-05,,
139600,45.72551588601376,1.3862,3.99962257332792,1.733915118618689e-05,,
139800,45.791025221094,1.3634,3.909462904562975,1.729235880398671e-05,,
140000,45.85653455617425,1.3582,3.8891864618997363,1.7245566421786534e-05,,
140200,45.9220438912545,1.3835,3.9888381578923036,1.7198774039586357e-05,,
140400,45.987553226334754,1.3773,3.9641838685860766,1.715198165738618e-05,,
140438,46.0,,,,1.7501941919326782,5.755720281932694
140600,46.053062561415004,1.3618,3.903212765360399,1.7105189275186002e-05,,
140800,46.11857189649525,1.3498,3.856654122734203,1.7058396892985825e-05,,
141000,46.1840812315755,1.3481,3.8501033804341467,1.7011604510785644e-05,,
141200,46.24959056665575,1.3724,3.944806880022096,1.6964812128585466e-05,,
141400,46.315099901736,1.3804,3.9764919061802795,1.691801974638529e-05,,
141600,46.38060923681625,1.3699,3.934957180077023,1.687122736418511e-05,,
141800,46.4461185718965,1.337,3.8076035433731965,1.682443498198493e-05,,
142000,46.51162790697674,1.3365,3.805700217472638,1.6777642599784757e-05,,
142200,46.57713724205699,1.3543,3.874048173548388,1.673085021758458e-05,,
142400,46.64264657713724,1.3832,3.9876416859247046,1.6684057835384402e-05,,
142600,46.70815591221749,1.3546,3.8752105623500546,1.663726545318422e-05,,
142800,46.77366524729774,1.3577,3.887242354736079,1.6590473070984044e-05,,
143000,46.839174582377986,1.3508,3.8605127058269346,1.6543680688783866e-05,,
143200,46.904683917458236,1.3605,3.898141885551456,1.649688830658369e-05,,
143400,46.970193252538486,1.3496,3.855882869037596,1.645009592438351e-05,,
143491,47.0,,,,1.7412196397781372,5.70429636852277
143600,47.03570258761874,1.3514,3.862829708481717,1.640330354218333e-05,,
143800,47.10121192269899,1.338,3.8114130513531013,1.6356511159983157e-05,,
144000,47.16672125777924,1.3578,3.887631098408412,1.630971877778298e-05,,
144200,47.23223059285948,1.3535,3.8709501743744448,1.6262926395582802e-05,,
144400,47.29773992793973,1.3487,3.85241413561964,1.621613401338262e-05,,
144600,47.36324926301998,1.3448,3.837418980050438,1.6169341631182444e-05,,
144800,47.42875859810023,1.3533,3.8701760617534124,1.6122549248982266e-05,,
145000,47.49426793318048,1.3408,3.8220999625905074,1.607575686678209e-05,,
145200,47.559777268260724,1.3518,3.8643751494326937,1.602896448458191e-05,,
145400,47.625286603340975,1.3542,3.8736607881006284,1.598217210238173e-05,,
145600,47.690795938421225,1.3681,3.9278806279604592,1.5935379720181556e-05,,
145800,47.756305273501475,1.3618,3.903212765360399,1.588858733798138e-05,,
146000,47.821814608581725,1.3681,3.9278806279604592,1.58417949557812e-05,,
146200,47.88732394366197,1.3534,3.8705630987111133,1.579500257358102e-05,,
146400,47.95283327874222,1.3639,3.9114181247795767,1.5748210191380843e-05,,
146544,48.0,,,,1.750666618347168,5.75844007862961
146600,48.01834261382247,1.3619,3.9036031061536502,1.5701417809180666e-05,,
146800,48.08385194890272,1.3661,3.9200327172312375,1.565462542698049e-05,,
147000,48.14936128398297,1.3412,3.8236291083843135,1.5607833044780308e-05,,
147200,48.21487061906322,1.3082,3.699508599928854,1.556104066258013e-05,,
147400,48.28037995414346,1.3652,3.9165062749228023,1.5514248280379956e-05,,
147600,48.34588928922371,1.3314,3.786340555463699,1.546745589817978e-05,,
147800,48.41139862430396,1.3542,3.8736607881006284,1.5420663515979598e-05,,
148000,48.476907959384214,1.3447,3.8370352573388886,1.537387113377942e-05,,
148200,48.542417294464464,1.363,3.9078994321164857,1.5327078751579243e-05,,
148400,48.60792662954471,1.3381,3.811794211715937,1.5280286369379066e-05,,
148600,48.67343596462496,1.3498,3.856654122734203,1.5233493987178887e-05,,
148800,48.73894529970521,1.3488,3.852799396295915,1.518670160497871e-05,,
149000,48.80445463478546,1.3411,3.8232467645909836,1.513990922277853e-05,,
149200,48.86996396986571,1.321,3.7471666709728715,1.5093116840578356e-05,,
149400,48.93547330494596,1.3465,3.8439481405304927,1.5046324458378177e-05,,
149597,49.0,,,,1.7364684343338013,5.677258366973484
149600,49.0009826400262,1.3379,3.811031929104396,1.4999532076178e-05,,
149800,49.06649197510645,1.3087,3.701358816744476,1.495273969397782e-05,,
150000,49.1320013101867,1.3312,3.785583363074369,1.4905947311777643e-05,,
150200,49.19751064526695,1.3362,3.8045586786467815,1.4859154929577466e-05,,
150400,49.2630199803472,1.3131,3.7176806772987776,1.4812362547377287e-05,,
150600,49.328529315427446,1.3363,3.804939153538074,1.476557016517711e-05,,
150800,49.394038650507696,1.3308,3.7840694325354334,1.471877778297693e-05,,
151000,49.459547985587946,1.3404,3.8205714283327032,1.4671985400776756e-05,,
151200,49.525057320668196,1.3335,3.7943002253583837,1.4625193018576577e-05,,
151400,49.59056665574845,1.3426,3.8289859380418636,1.45784006363764e-05,,
151600,49.65607599082869,1.34,3.819043505366336,1.453160825417622e-05,,
151800,49.72158532590894,1.3294,3.7787754419879516,1.4484815871976043e-05,,
152000,49.78709466098919,1.3428,3.829751811814296,1.4438023489775864e-05,,
152200,49.85260399606944,1.3388,3.814463401771665,1.4391231107575687e-05,,
152400,49.91811333114969,1.3503,3.858582931957692,1.434443872537551e-05,,
152600,49.98362266622994,1.3302,3.781799671872204,1.429764634317533e-05,,
152650,50.0,,,,1.7173854112625122,5.569946290549842
152800,50.049132001310184,1.3071,3.695441377851186,1.4250853960975154e-05,,
153000,50.114641336390434,1.3249,3.76180915527471,1.4204061578774977e-05,,
153200,50.180150671470685,1.3396,3.817516193446937,1.41572691965748e-05,,
153400,50.245660006550935,1.3274,3.7712254436190107,1.411047681437462e-05,,
153600,50.311169341631185,1.3204,3.744919045325411,1.4063684432174443e-05,,
153800,50.37667867671143,1.3296,3.7795312726568966,1.4016892049974264e-05,,
154000,50.44218801179168,1.3195,3.7415501344219257,1.3970099667774087e-05,,
154200,50.50769734687193,1.3271,3.770094245674101,1.3923307285573909e-05,,
154400,50.57320668195218,1.3373,3.8087459957955034,1.387651490337373e-05,,
154600,50.63871601703243,1.3243,3.7595527467717886,1.3829722521173554e-05,,
154800,50.70422535211267,1.3273,3.7708483399301476,1.3782930138973377e-05,,
155000,50.76973468719292,1.3363,3.804939153538074,1.3736137756773198e-05,,
155200,50.83524402227317,1.3325,3.7905078216509134,1.368934537457302e-05,,
155400,50.90075335735342,1.3299,3.780665302134611,1.3642552992372843e-05,,
155600,50.96626269243367,1.3282,3.774243631087924,1.3595760610172664e-05,,
155703,51.0,,,,1.7340402603149414,5.663489718810345
155800,51.031772027513924,1.3173,3.733327772041169,1.3548968227972486e-05,,
156000,51.09728136259417,1.3205,3.745293555955163,1.3502175845772307e-05,,
156200,51.16279069767442,1.3119,3.7132221361457365,1.345538346357213e-05,,
156400,51.22830003275467,1.3028,3.679585095365651,1.3408591081371954e-05,,
156600,51.29380936783492,1.3214,3.748665837454568,1.3361798699171777e-05,,
156800,51.35931870291517,1.3331,3.7927828087717903,1.3315006316971598e-05,,
157000,51.42482803799541,1.3252,3.762937867319634,1.326821393477142e-05,,
157200,51.49033737307566,1.3073,3.6961805400405114,1.3221421552571243e-05,,
157400,51.55584670815591,1.3117,3.712479565977999,1.3174629170371064e-05,,
157600,51.62135604323616,1.3214,3.748665837454568,1.3127836788170886e-05,,
157800,51.68686537831641,1.3164,3.7299692885905826,1.3081044405970707e-05,,
158000,51.75237471339666,1.3237,3.7572976917078966,1.303425202377053e-05,,
158200,51.817884048476905,1.3167,3.7310884472425636,1.2987459641570354e-05,,
158400,51.883393383557156,1.307,3.695071852189992,1.2940667259370177e-05,,
158600,51.948902718637406,1.3422,3.8274546499446833,1.2893874877169998e-05,,
158756,52.0,,,,1.7230714559555054,5.601707466254983
158800,52.014412053717656,1.3297,3.7799092446824494,1.284708249496982e-05,,
159000,52.079921388797906,1.3149,3.724378528775825,1.2800290112769641e-05,,
159200,52.14543072387815,1.3074,3.696550176576034,1.2753497730569464e-05,,
159400,52.2109400589584,1.3134,3.7187961488143286,1.2706705348369286e-05,,
159600,52.27644939403865,1.3092,3.703209958899821,1.2659912966169107e-05,,
159800,52.3419587291189,1.3059,3.6910095078515894,1.261312058396893e-05,,
160000,52.40746806419915,1.3196,3.741924308143743,1.2566328201768754e-05,,
160200,52.4729773992794,1.3239,3.758049226397202,1.2519535819568577e-05,,
160400,52.538486734359644,1.3235,3.7565463073104985,1.2472743437368397e-05,,
160600,52.603996069439894,1.3175,3.7340745122671106,1.242595105516822e-05,,
160800,52.669505404520145,1.3065,3.6932247780709075,1.2379158672968041e-05,,
161000,52.735014739600395,1.3244,3.759928720844856,1.2332366290767864e-05,,
161200,52.800524074680645,1.3231,3.7550439892712135,1.2285573908567684e-05,,
161400,52.86603340976089,1.3105,3.7080272624152393,1.2238781526367509e-05,,
161600,52.93154274484114,1.3129,3.7169372155119746,1.219198914416733e-05,,
161800,52.99705207992139,1.3183,3.7370629670994733,1.2145196761967152e-05,,
161809,53.0,,,,1.7357531785964966,5.6731991272246605
162000,53.06256141500164,1.3113,3.710994871110377,1.2098404379766975e-05,,
162200,53.12807075008189,1.3084,3.7002485756439443,1.2051611997566797e-05,,
162400,53.19358008516213,1.3004,3.670764679869168,1.200481961536662e-05,,
162600,53.25908942024238,1.3137,3.719911955021536,1.195802723316644e-05,,
162800,53.32459875532263,1.3222,3.7516659700175503,1.1911234850966263e-05,,
163000,53.39010809040288,1.3202,3.7441701364097337,1.1864442468766084e-05,,
163200,53.45561742548313,1.3067,3.693963496895942,1.1817650086565909e-05,,
163400,53.521126760563384,1.3002,3.670030600343594,1.177085770436573e-05,,
163600,53.58663609564363,1.2836,3.609610962799412,1.1724065322165552e-05,,
163800,53.65214543072388,1.3018,3.6759073494497225,1.1677272939965375e-05,,
164000,53.71765476580413,1.3333,3.793541441194258,1.1630480557765197e-05,,
164200,53.78316410088438,1.3277,3.772356980974214,1.1583688175565018e-05,,
164400,53.84867343596463,1.3236,3.7569219807245884,1.153689579336484e-05,,
164600,53.91418277104487,1.3163,3.7295963103109484,1.1490103411164663e-05,,
164800,53.97969210612512,1.3141,3.7214002174361838,1.1443311028964484e-05,,
164862,54.0,,,,1.75484299659729,5.782539792259353
165000,54.04520144120537,1.2889,3.6287926875716954,1.1396518646764308e-05,,
165200,54.11071077628562,1.2694,3.558716691643397,1.134972626456413e-05,,
165400,54.17622011136587,1.2997,3.668196043720798,1.1302933882363952e-05,,
165600,54.241729446446115,1.2771,3.586224579626028,1.1256141500163773e-05,,
165800,54.307238781526365,1.2871,3.6222667358526204,1.1209349117963595e-05,,
166000,54.372748116606616,1.2901,3.633149852572923,1.1162556735763418e-05,,
166200,54.438257451686866,1.2902,3.6335131857245346,1.111576435356324e-05,,
166400,54.503766786767116,1.3,3.6692966676192444,1.1068971971363063e-05,,
166600,54.569276121847366,1.2852,3.61539096310707,1.1022179589162884e-05,,
166800,54.63478545692761,1.2977,3.6608669831369602,1.0975387206962708e-05,,
167000,54.70029479200786,1.3032,3.681057223809858,1.092859482476253e-05,,
167200,54.76580412708811,1.2932,3.6444300924541237,1.0881802442562352e-05,,
167400,54.83131346216836,1.2942,3.6480763453691814,1.0835010060362173e-05,,
167600,54.89682279724861,1.3008,3.672233279441449,1.0788217678161995e-05,,
167800,54.962332132328854,1.2957,3.6535525660259363,1.0741425295961818e-05,,
167915,55.0,,,,1.7151919603347778,5.557742276037905
168000,55.027841467409104,1.2661,3.5469922824759994,1.069463291376164e-05,,
168200,55.093350802489354,1.266,3.546637600982122,1.0647840531561461e-05,,
168400,55.158860137569604,1.2938,3.6466174066382324,1.0601048149361284e-05,,
168600,55.224369472649855,1.2889,3.6287926875716954,1.0554255767161107e-05,,
168800,55.289878807730105,1.2794,3.5944823889996314,1.050746338496093e-05,,
169000,55.35538814281035,1.2913,3.6375122493105647,1.0460671002760752e-05,,
169200,55.4208974778906,1.2934,3.6451590513660763,1.0413878620560573e-05,,
169400,55.48640681297085,1.2734,3.5729800661411386,1.0367086238360395e-05,,
169600,55.5519161480511,1.2808,3.5995181885814236,1.0320293856160218e-05,,
169800,55.61742548313135,1.2831,3.6078066084441915,1.027350147396004e-05,,
170000,55.68293481821159,1.2899,3.6324232952605615,1.0226709091759861e-05,,
170200,55.74844415329184,1.2827,3.606363774386863,1.0179916709559684e-05,,
170400,55.81395348837209,1.305,3.6876890937050164,1.0133124327359506e-05,,
170600,55.87946282345234,1.3001,3.6696636156331013,1.0086331945159329e-05,,
170800,55.94497215853259,1.2897,3.6316968832451324,1.003953956295915e-05,,
170968,56.0,,,,1.704615831375122,5.499272613355286
171000,56.010481493612836,1.2759,3.581923691179652,9.992747180758973e-06,,
171200,56.07599082869309,1.2759,3.581923691179652,9.945954798558795e-06,,
171400,56.14150016377334,1.2649,3.5427384445502437,9.899162416358618e-06,,
171600,56.20700949885359,1.2732,3.5722655415827482,9.85237003415844e-06,,
171800,56.27251883393384,1.3108,3.709139837471878,9.805577651958261e-06,,
172000,56.33802816901409,1.2729,3.5711940226561483,9.758785269758084e-06,,
172200,56.40353750409433,1.2804,3.598078669229055,9.711992887557906e-06,,
172400,56.46904683917458,1.2895,3.630970616497579,9.665200505357729e-06,,
172600,56.53455617425483,1.2807,3.5991582547595566,9.61840812315755e-06,,
172800,56.60006550933508,1.3011,3.6733351146923052,9.571615740957372e-06,,
173000,56.66557484441533,1.2995,3.6674624778710845,9.524823358757193e-06,,
173200,56.731084179495575,1.2836,3.609610962799412,9.478030976557018e-06,,
173400,56.796593514575825,1.2894,3.630607537590177,9.431238594356839e-06,,
173600,56.862102849656075,1.2833,3.6085282419268236,9.384446212156661e-06,,
173800,56.927612184736326,1.2981,3.662331622838627,9.337653829956484e-06,,
174000,56.993121519816576,1.2749,3.5783435578534797,9.290861447756306e-06,,
174021,57.0,,,,1.7149306535720825,5.556290190124055
174200,57.058630854896826,1.2719,3.5676246136354535,9.244069065556129e-06,,
174400,57.12414018997707,1.2824,3.6052820275246895,9.19727668335595e-06,,
174600,57.18964952505732,1.2592,3.5226022780095905,9.150484301155772e-06,,
174800,57.25515886013757,1.2713,3.5654846809112875,9.103691918955593e-06,,
175000,57.32066819521782,1.2753,3.579775181582279,9.056899536755418e-06,,
175200,57.38617753029807,1.2622,3.533185952417476,9.010107154555238e-06,,
175400,57.45168686537831,1.2916,3.6386036666897796,8.963314772355061e-06,,
175600,57.517196200458564,1.2779,3.5890947071876806,8.916522390154884e-06,,
175800,57.582705535538814,1.2632,3.536720905551882,8.869730007954706e-06,,
176000,57.648214870619064,1.272,3.5679813939355345,8.822937625754529e-06,,
176200,57.713724205699314,1.2818,3.6031195071291693,8.77614524355435e-06,,
176400,57.77923354077956,1.286,3.6182844331112394,8.729352861354172e-06,,
176600,57.84474287585981,1.2921,3.6404234234243966,8.682560479153993e-06,,
176800,57.91025221094006,1.2651,3.5434470630986468,8.635768096953817e-06,,
177000,57.97576154602031,1.2939,3.646982086612591,8.588975714753638e-06,,
177074,58.0,,,,1.7332768440246582,5.65916776843272
177200,58.04127088110056,1.2737,3.5740521209611638,8.542183332553461e-06,,
177400,58.10678021618081,1.2596,3.5240116007665545,8.495390950353282e-06,,
177600,58.17228955126105,1.2639,3.5391974768846075,8.448598568153106e-06,,
177800,58.2377988863413,1.2785,3.5912488101782674,8.401806185952927e-06,,
178000,58.30330822142155,1.2753,3.579775181582279,8.35501380375275e-06,,
178200,58.3688175565018,1.2648,3.5423841884188905,8.308221421552572e-06,,
178400,58.43432689158205,1.2666,3.5487662220651774,8.261429039352393e-06,,
178600,58.499836226662296,1.2654,3.5445102566886413,8.214636657152217e-06,,
178800,58.56534556174255,1.2666,3.5487662220651774,8.167844274952038e-06,,
179000,58.6308548968228,1.2776,3.5880181402686366,8.12105189275186e-06,,
179200,58.69636423190305,1.2932,3.6444300924541237,8.074259510551682e-06,,
179400,58.7618735669833,1.2726,3.5701228251370134,8.027467128351506e-06,,
179600,58.82738290206355,1.2489,3.4865056910920607,7.980674746151327e-06,,
179800,58.89289223714379,1.2525,3.4990797312723565,7.93388236395115e-06,,
180000,58.95840157222404,1.2754,3.58013317699991,7.88708998175097e-06,,
180127,59.0,,,,1.7171176671981812,5.568455170120134
180200,59.02391090730429,1.2659,3.546282954954621,7.840297599550793e-06,,
180400,59.08942024238454,1.2507,3.4927870528656553,7.793505217350616e-06,,
180600,59.15492957746479,1.2746,3.5772702157954823,7.746712835150438e-06,,
180800,59.220438912545035,1.2674,3.5516063709509096,7.69992045295026e-06,,
181000,59.285948247625285,1.2583,3.519433362185404,7.653128070750082e-06,,
181200,59.351457582705535,1.3057,3.690271379765288,7.606335688549904e-06,,
181400,59.416966917785786,1.2461,3.4767571295122743,7.559543306349727e-06,,
181600,59.482476252866036,1.2457,3.4753667047639585,7.5127509241495485e-06,,
181800,59.54798558794628,1.2443,3.470504595647814,7.465958541949371e-06,,
182000,59.61349492302653,1.2652,3.543801425522783,7.419166159749193e-06,,
182200,59.67900425810678,1.2806,3.598798356929272,7.372373777549016e-06,,
182400,59.74451359318703,1.2604,3.5268319380316555,7.325581395348838e-06,,
182600,59.81002292826728,1.2522,3.498030164795818,7.27878901314866e-06,,
182800,59.87553226334753,1.2642,3.5402593954074866,7.2319966309484815e-06,,
183000,59.94104159842777,1.2432,3.4666891394782207,7.185204248748303e-06,,
183180,60.0,,,,1.698938012123108,5.4681372116748985
183200,60.006550933508024,1.2531,3.501179809071458,7.138411866548127e-06,,
183400,60.072060268588274,1.2641,3.5399053871686528,7.091619484347948e-06,,
183600,60.137569603668524,1.2572,3.5155641139636717,7.04482710214777e-06,,
183800,60.203078938748774,1.2613,3.530007515571426,6.998034719947593e-06,,
184000,60.26858827382902,1.2576,3.516970620891889,6.951242337747415e-06,,
184200,60.33409760890927,1.251,3.493835046172651,6.904449955547238e-06,,
184400,60.39960694398952,1.2613,3.530007515571426,6.85765757334706e-06,,
184600,60.46511627906977,1.2332,3.4321950062004585,6.810865191146881e-06,,
184800,60.53062561415002,1.2487,3.485808459679308,6.764072808946703e-06,,
185000,60.59613494923027,1.2683,3.5548042555169626,6.7172804267465265e-06,,
185200,60.66164428431051,1.2639,3.5391974768846075,6.670488044546348e-06,,
185400,60.72715361939076,1.2484,3.4847628739871,6.62369566234617e-06,,
185600,60.79266295447101,1.2643,3.5406134390489146,6.576903280145992e-06,,
185800,60.85817228955126,1.26,3.5254214873653824,6.530110897945815e-06,,
186000,60.92368162463151,1.2327,3.4304793376502385,6.483318515745637e-06,,
186200,60.989190959711756,1.256,3.5113479672208983,6.436526133545459e-06,,
186233,61.0,,,,1.7281370162963867,5.630155244575513
186400,61.054700294792006,1.2564,3.5127527873530817,6.389733751345281e-06,,
186600,61.12020962987226,1.229,3.41781001679809,6.342941369145103e-06,,
186800,61.18571896495251,1.2509,3.4934856801366267,6.2961489869449264e-06,,
187000,61.25122830003276,1.2583,3.519433362185404,6.249356604744748e-06,,
187200,61.316737635113,1.2422,3.4632241831056745,6.20256422254457e-06,,
187400,61.38224697019325,1.2525,3.4990797312723565,6.1557718403443925e-06,,
187600,61.4477563052735,1.26,3.5254214873653824,6.108979458144214e-06,,
187800,61.51326564035375,1.2372,3.4459512804320296,6.062187075944037e-06,,
188000,61.578774975434,1.251,3.493835046172651,6.0153946937438586e-06,,
188200,61.64428431051425,1.2521,3.4976803792689064,5.96860231154368e-06,,
188400,61.709793645594495,1.2437,3.4684229174563335,5.921809929343503e-06,,
188600,61.775302980674745,1.2504,3.4917393739094966,5.8750175471433255e-06,,
188800,61.840812315754995,1.2417,3.4614930038450034,5.828225164943148e-06,,
189000,61.906321650835245,1.2495,3.488598222203274,5.78143278274297e-06,,
189200,61.971830985915496,1.2737,3.5740521209611638,5.734640400542792e-06,,
189286,62.0,,,,1.701169490814209,5.480352867761911
189400,62.03734032099574,1.2308,3.42396761500416,5.687848018342614e-06,,
189600,62.10284965607599,1.2398,3.4549224111773853,5.641055636142437e-06,,
189800,62.16835899115624,1.2397,3.454576936210304,5.5942632539422585e-06,,
190000,62.23386832623649,1.2478,3.4826726433945923,5.54747087174208e-06,,
190200,62.29937766131674,1.2507,3.4927870528656553,5.500678489541903e-06,,
190400,62.36488699639699,1.2477,3.4823243935430357,5.4538861073417245e-06,,
190600,62.43039633147723,1.2685,3.555515287468891,5.407093725141547e-06,,
190800,62.49590566655748,1.2434,3.4673825466445214,5.360301342941369e-06,,
191000,62.561415001637734,1.2606,3.527537374960603,5.3135089607411914e-06,,
191200,62.626924336717984,1.2348,3.4376909137639693,5.266716578541014e-06,,
191400,62.692433671798234,1.2703,3.5619209783786174,5.219924196340837e-06,,
191600,62.75794300687848,1.2602,3.526126642175986,5.173131814140658e-06,,
191800,62.82345234195873,1.2491,3.4872030619650425,5.12633943194048e-06,,
192000,62.88896167703898,1.2566,3.5134554081702922,5.079547049740303e-06,,
192200,62.95447101211923,1.236,3.441818618988296,5.0327546675401244e-06,,
192339,63.0,,,,1.6902967691421509,5.421089278446627
192400,63.01998034719948,1.2338,3.4342549411228576,4.985962285339947e-06,,
192600,63.08548968227972,1.2342,3.4356289178763375,4.939169903139769e-06,,
192800,63.15099901735997,1.2353,3.4394101890038438,4.892377520939591e-06,,
193000,63.21650835244022,1.2531,3.501179809071458,4.845585138739413e-06,,
193200,63.28201768752047,1.2347,3.4373471618604747,4.798792756539236e-06,,
193400,63.34752702260072,1.2429,3.4656492887217887,4.752000374339058e-06,,
193600,63.41303635768097,1.2437,3.4684229174563335,4.70520799213888e-06,,
193800,63.478545692761216,1.229,3.41781001679809,4.658415609938703e-06,,
194000,63.544055027841466,1.246,3.4764094711825293,4.611623227738524e-06,,
194200,63.60956436292172,1.237,3.4452621590903743,4.564830845538347e-06,,
194400,63.67507369800197,1.2415,3.4608007744694795,4.518038463338169e-06,,
194600,63.74058303308222,1.2481,3.4837176019235527,4.471246081137991e-06,,
194800,63.80609236816246,1.2422,3.4632241831056745,4.424453698937813e-06,,
195000,63.87160170324271,1.2408,3.458379061625732,4.377661316737635e-06,,
195200,63.93711103832296,1.2509,3.4934856801366267,4.330868934537457e-06,,
195392,64.0,,,,1.7169290781021118,5.567405119210287
195400,64.0026203734032,1.2579,3.518025870357662,4.284076552337279e-06,,
195600,64.06812970848345,1.2335,3.43322481916654,4.237284170137102e-06,,
195800,64.1336390435637,1.2336,3.4335681588151528,4.190491787936924e-06,,
196000,64.19914837864395,1.2468,3.4791917115072186,4.143699405736747e-06,,
196200,64.2646577137242,1.2199,3.3868490317833464,4.0969070235365685e-06,,
196400,64.33016704880446,1.2284,3.415759945870791,4.050114641336391e-06,,
196600,64.3956763838847,1.247,3.4798876194379944,4.003322259136213e-06,,
196800,64.46118571896496,1.2371,3.4456067025331687,3.956529876936035e-06,,
197000,64.5266950540452,1.2463,3.477452550477955,3.909737494735857e-06,,
197200,64.59220438912546,1.2571,3.51521257512951,3.862945112535679e-06,,
197400,64.6577137242057,1.2239,3.4004235588652794,3.8161527303355015e-06,,
197600,64.72322305928594,1.2284,3.415759945870791,3.7693603481353237e-06,,
197800,64.78873239436619,1.236,3.441818618988296,3.7225679659351463e-06,,
198000,64.85424172944644,1.2244,3.4021241957685078,3.675775583734968e-06,,
198200,64.9197510645267,1.2356,3.440442166849482,3.6289832015347906e-06,,
198400,64.98526039960694,1.2499,3.4899939406172282,3.5821908193346123e-06,,
198445,65.0,,,,1.7125557661056519,5.543110282784708
198600,65.0507697346872,1.2333,3.4325382428626257,3.5353984371344345e-06,,
198800,65.11627906976744,1.2208,3.3898985679974047,3.488606054934257e-06,,
199000,65.1817884048477,1.217,3.3770413975343523,3.441813672734079e-06,,
199200,65.24729773992794,1.2535,3.5025805611268206,3.3950212905339014e-06,,
199400,65.3128070750082,1.2286,3.4164431661797185,3.348228908333723e-06,,
199600,65.37831641008843,1.2349,3.438034700044374,3.3014365261335458e-06,,
199800,65.44382574516868,1.2296,3.4198613181370314,3.254644143933368e-06,,
200000,65.50933508024893,1.2435,3.4677293022366764,3.2078517617331905e-06,,
200200,65.57484441532918,1.2294,3.4191774142660707,3.1610593795330122e-06,,
200400,65.64035375040943,1.2357,3.440786228268951,3.1142669973328344e-06,,
200600,65.70586308548968,1.2525,3.4990797312723565,3.0674746151326566e-06,,
200800,65.77137242056993,1.2168,3.376366056791171,3.0206822329324787e-06,,
201000,65.83688175565018,1.2313,3.425680026878956,2.973889850732301e-06,,
201200,65.90239109073043,1.2245,3.4024644251992724,2.927097468532123e-06,,
201400,65.96790042581068,1.2366,3.4438843298109645,2.8803050863319452e-06,,
201498,66.0,,,,1.7150046825408936,5.5567015317826565
201600,66.03340976089093,1.2364,3.4431956218180977,2.8335127041317674e-06,,
201800,66.09891909597117,1.2259,3.4072312113662933,2.7867203219315896e-06,,
202000,66.16442843105142,1.2434,3.4673825466445214,2.7399279397314117e-06,,
202200,66.22993776613167,1.2383,3.4497439124056664,2.6931355575312343e-06,,
202400,66.29544710121192,1.2165,3.375353298895413,2.6463431753310565e-06,,
202600,66.36095643629217,1.2344,3.436316112377072,2.5995507931308786e-06,,
202800,66.42646577137242,1.2148,3.3696200729101307,2.5527584109307004e-06,,
203000,66.49197510645267,1.224,3.4007636182238503,2.5059660287305225e-06,,
203200,66.55748444153292,1.2092,3.3508029376559665,2.459173646530345e-06,,
203400,66.62299377661317,1.2352,3.4390662651814212,2.4123812643301673e-06,,
203600,66.68850311169342,1.2061,3.3404315325329392,2.3655888821299895e-06,,
203800,66.75401244677367,1.2296,3.4198613181370314,2.3187964999298116e-06,,
204000,66.81952178185391,1.239,3.452159578528854,2.2720041177296338e-06,,
204200,66.88503111693416,1.248,3.483369247581368,2.225211735529456e-06,,
204400,66.95054045201441,1.2311,3.4249949593826137,2.178419353329278e-06,,
204551,67.0,,,,1.7101014852523804,5.529522614148021
204600,67.01604978709466,1.2214,3.391933117442,2.1316269711291003e-06,,
204800,67.08155912217491,1.1925,3.295309191095809,2.0848345889289224e-06,,
205000,67.14706845725516,1.2216,3.3926115719086734,2.0380422067287446e-06,,
205200,67.21257779233541,1.219,3.3838022389171902,1.9912498245285668e-06,,
205400,67.27808712741566,1.2315,3.4263652314025,1.944457442328389e-06,,
205600,67.34359646249591,1.2299,3.420887430441622,1.8976650601282113e-06,,
205800,67.40910579757616,1.2216,3.3926115719086734,1.8508726779280335e-06,,
206000,67.47461513265641,1.2303,3.422256059121286,1.8040802957278558e-06,,
206200,67.54012446773665,1.2368,3.4445731755592055,1.7572879135276776e-06,,
206400,67.6056338028169,1.2079,3.3464497240389424,1.7104955313275e-06,,
206600,67.67114313789715,1.2314,3.4260226120106148,1.6637031491273221e-06,,
206800,67.7366524729774,1.2492,3.4875517997078354,1.6169107669271443e-06,,
207000,67.80216180805765,1.2092,3.3508029376559665,1.5701183847269664e-06,,
207200,67.8676711431379,1.2333,3.4325382428626257,1.5233260025267888e-06,,
207400,67.93318047821815,1.2302,3.4219138506260838,1.4765336203266108e-06,,
207600,67.9986898132984,1.2363,3.44285131947132,1.4297412381264331e-06,,
207604,68.0,,,,1.6979796886444092,5.462899477522865
207800,68.06419914837865,1.2298,3.420545358802445,1.3829488559262553e-06,,
208000,68.1297084834589,1.2176,3.379068230361916,1.3361564737260775e-06,,
208200,68.19521781853915,1.2208,3.3898985679974047,1.2893640915258996e-06,,
208400,68.26072715361938,1.2152,3.3709681905448465,1.2425717093257218e-06,,
208600,68.32623648869964,1.2363,3.44285131947132,1.195779327125544e-06,,
208800,68.39174582377989,1.2345,3.436659761170463,1.1489869449253663e-06,,
209000,68.45725515886014,1.2193,3.384817531875194,1.1021945627251885e-06,,
209200,68.52276449394039,1.2176,3.379068230361916,1.0554021805250105e-06,,
209400,68.58827382902064,1.2227,3.3963454979205747,1.0086097983248328e-06,,
209600,68.65378316410089,1.2133,3.3645694317286465,9.61817416124655e-07,,
209800,68.71929249918114,1.2331,3.4318518038602415,9.150250339244772e-07,,
210000,68.78480183426139,1.1997,3.319121037050049,8.682326517242992e-07,,
210200,68.85031116934164,1.224,3.4007636182238503,8.214402695241215e-07,,
210400,68.91582050442187,1.2458,3.4757142588118475,7.746478873239438e-07,,
210600,68.98132983950212,1.2116,3.3588545227436857,7.278555051237658e-07,,
210657,69.0,,,,1.6979875564575195,5.462942458764078
210800,69.04683917458237,1.2033,3.3310914065204793,6.810631229235881e-07,,
211000,69.11234850966262,1.2207,3.389559595089532,6.342707407234102e-07,,
211200,69.17785784474287,1.2385,3.4504339301876255,5.874783585232324e-07,,
211400,69.24336717982312,1.239,3.452159578528854,5.406859763230547e-07,,
211600,69.30887651490337,1.2404,3.4569959866345212,4.938935941228768e-07,,
211800,69.37438584998363,1.21,3.3534846525490236,4.4710121192269906e-07,,
212000,69.43989518506388,1.2427,3.46495622817241,4.0030882972252117e-07,,
212200,69.50540452014413,1.2128,3.362887567513875,3.5351644752234334e-07,,
212400,69.57091385522438,1.2147,3.3692831277503776,3.0672406532216555e-07,,
212600,69.63642319030461,1.2298,3.420545358802445,2.5993168312198777e-07,,
212800,69.70193252538486,1.2183,3.3814344061880894,2.1313930092180996e-07,,
213000,69.76744186046511,1.2204,3.3885428797259354,1.6634691872163212e-07,,
213200,69.83295119554536,1.2184,3.3817725665364438,1.195545365214543e-07,,
213400,69.89846053062561,1.2023,3.3277619801046185,7.27621543212765e-08,,
213600,69.96396986570586,1.2104,3.354826314724589,2.5969772121098686e-08,,
213710,70.0,,,,1.6827068328857422,5.380099308787377
213710,70.0,,,,,
